{
    "emb_sum": 0.028917006620271937,
    "emb_norm": 0.034418338865745725,
    "x_norm": 0.04407655911182794,
    "q": 0.07841038891649622,
    "k": 0.0677500822412686,
    "v": 0.04495179934764472,
    "attn_logits": 0.47887441680187315,
    "x_attn": 0.04399651805246909,
    "post_wo": 0.0521065344022015,
    "x+residual": 0.19839082552692083,
    "post_mlp_norm": 0.04239495344988004,
    "post_mlp_fc1": 0.09626037867989128,
    "post_relu": 0.07184267419529712,
    "post_mlp_fc2": 0.16496665834441898,
    "last_x+residual": 0.20456474784791,
    "final_norm": 0.03915613655030258,
    "final_logits": 0.2853459335687592
}