{
    "wte.weight": 0.025029854848980904,
    "wpe.weight": 0.006235277280211449,
    "layers.0.attn_wq.weight": 0.0034813275560736656,
    "layers.0.attn_wk.weight": 0.0032658493146300316,
    "layers.0.attn_wv.weight": 0.0024530088994652033,
    "layers.0.attn_wo.weight": 0.003083200193941593,
    "layers.0.mlp_fc1.weight": 0.004164958372712135,
    "layers.0.mlp_fc2.weight": 0.005634640343487263,
    "layers.1.attn_wq.weight": 0.003611028892919421,
    "layers.1.attn_wk.weight": 0.004735814407467842,
    "layers.1.attn_wv.weight": 0.004445257131010294,
    "layers.1.attn_wo.weight": 0.0038443738594651222,
    "layers.1.mlp_fc1.weight": 0.004714003298431635,
    "layers.1.mlp_fc2.weight": 0.004083866253495216,
    "layers.2.attn_wq.weight": 0.0050414991565048695,
    "layers.2.attn_wk.weight": 0.00493463221937418,
    "layers.2.attn_wv.weight": 0.0037127090618014336,
    "layers.2.attn_wo.weight": 0.004446117207407951,
    "layers.2.mlp_fc1.weight": 0.005114284344017506,
    "layers.2.mlp_fc2.weight": 0.005514625925570726,
    "layers.3.attn_wq.weight": 0.005034668371081352,
    "layers.3.attn_wk.weight": 0.004752104636281729,
    "layers.3.attn_wv.weight": 0.004919878672808409,
    "layers.3.attn_wo.weight": 0.004759606905281544,
    "layers.3.mlp_fc1.weight": 0.008142740465700626,
    "layers.3.mlp_fc2.weight": 0.007778511848300695
}